BAL-3800-RO;BAL-3800-RO;Plueschball klein rot 1.5 cm;02-800-04;75
BAL-3800-RO;BAL-3800-RO;Plueschball klein rot 1.5 cm;02-800-040;0
BAL-3810-GE;BAL-3810-GE;Plueschball klein gelb 1.5 cm;02-900-03;90
BAL-3810-GE;BAL-3810-GE;Plueschball klein gelb 1.5 cm;02-900-030;0
BAL-3820-BL;BAL-3820-BL;Plueschball klein blau 1.5 cm;02-900-02;90
BAL-3820-BL;BAL-3820-BL;Plueschball klein blau 1.5 cm;02-900-020;0
BAL-3830-WE;BAL-3830-WE;Plueschball klein weiﬂ 1.5 cm;02-900-01;70
BAL-3830-WE;BAL-3830-WE;Plueschball klein weiﬂ 1.5 cm;02-900-010;0
BAL-3840-HB;BAL-3840-HB;Plueschball klein hellblau 1.5 cm;02-800-03;65
BAL-3840-HB;BAL-3840-HB;Plueschball klein hellblau 1.5 cm;02-800-030;0
BAL-3850-HR;BAL-3850-HR;Plueschball klein hellrosa 1.5 cm;02-800-05;205
BAL-3850-HR;BAL-3850-HR;Plueschball klein hellrosa 1.5 cm;02-800-050;0
BAL-3860-LI;BAL-3860-LI;Plueschball klein lila 1.5 cm;02-900-06;90
BAL-3860-LI;BAL-3860-LI;Plueschball klein lila 1.5 cm;02-900-060;0
BAL-3870-HG;BAL-3870-HG;Plueschball klein hellgruen 1.5 cm;02-900-05;75
BAL-3870-HG;BAL-3870-HG;Plueschball klein hellgruen 1.5 cm;02-900-050;0
BAL-3880-DG;BAL-3880-DG;Plueschball klein dunkelgruen 1.5 cm;02-800-02;85
BAL-3880-DG;BAL-3880-DG;Plueschball klein dunkelgruen 1.5 cm;02-800-020;0
BAL-3890-BR;BAL-3890-BR;Plueschball klein braun 1.5 cm;02-900-04;120
BAL-3890-BR;BAL-3890-BR;Plueschball klein braun 1.5 cm;02-900-040;0
BAL-3900-SW;BAL-3900-SW;Plueschball klein schwarz 1.5 cm;02-800-06;95
BAL-3900-SW;BAL-3900-SW;Plueschball klein schwarz 1.5 cm;02-800-060;0
BAU-2700-GU;BAU-2700-GU;Baustein 1x1 gruen;04-100-01;26
BAU-2700-GU;BAU-2700-GU;Baustein 1x1 gruen;04-100-010;0
BAU-2710-BL;BAU-2710-BL;Baustein 1x1 blau;04-100-02;30
BAU-2710-BL;BAU-2710-BL;Baustein 1x1 blau;04-100-020;0
BAU-2720-WE;BAU-2720-WE;Baustein 1x1 weiﬂ;04-100-03;28
BAU-2720-WE;BAU-2720-WE;Baustein 1x1 weiﬂ;04-100-030;0
BAU-2730-GE;BAU-2730-GE;Baustein 1x1 gelb;04-100-04;24
BAU-2730-GE;BAU-2730-GE;Baustein 1x1 gelb;04-100-040;0
BAU-2740-SW;BAU-2740-SW;Baustein 1x1 schwarz;04-100-05;28
BAU-2740-SW;BAU-2740-SW;Baustein 1x1 schwarz;04-100-050;0
BAU-2750-OR;BAU-2750-OR;Baustein 1x1 orange;04-100-06;20
BAU-2750-OR;BAU-2750-OR;Baustein 1x1 orange;04-100-060;0
BAU-2760-LI;BAU-2760-LI;Baustein 1x1 lila;04-200-01;26
BAU-2760-LI;BAU-2760-LI;Baustein 1x1 lila;04-200-010;0
BAU-2770-BR;BAU-2770-BR;Baustein 1x1 braun;04-200-02;30
BAU-2770-BR;BAU-2770-BR;Baustein 1x1 braun;04-200-020;0
BAU-2780-RO;BAU-2780-RO;Baustein 1x1 rot;04-200-03;24
BAU-2780-RO;BAU-2780-RO;Baustein 1x1 rot;04-200-030;0
BAU-2790-GR;BAU-2790-GR;Baustein 1x1 grau;04-200-04;28
BAU-2790-GR;BAU-2790-GR;Baustein 1x1 grau;04-200-040;0
BAU-2800-BU;BAU-2800-BU;Baustein 1x4 bunt;04-200-05;61
BAU-2800-BU;BAU-2800-BU;Baustein 1x4 bunt;04-200-050;0
BAU-2810-WE;BAU-2810-WE;Baustein 2x4 weiﬂ;04-200-06;25
BAU-2810-WE;BAU-2810-WE;Baustein 2x4 weiﬂ;04-200-060;0
BAU-2820-GU;BAU-2820-GU;Baustein 2x4 gruen;04-300-01;24
BAU-2820-GU;BAU-2820-GU;Baustein 2x4 gruen;04-300-010;0
BAU-2830-BL;BAU-2830-BL;Baustein 2x4 blau;04-300-02;24
BAU-2830-BL;BAU-2830-BL;Baustein 2x4 blau;04-300-020;0
BAU-2840-RO;BAU-2840-RO;Baustein 2x4 rot;04-300-03;24
BAU-2840-RO;BAU-2840-RO;Baustein 2x4 rot;04-300-030;0
BAU-2850-GE;BAU-2850-GE;Baustein 2x4 gelb;04-300-04;20
BAU-2850-GE;BAU-2850-GE;Baustein 2x4 gelb;04-300-040;0
BAU-2860-BR;BAU-2860-BR;Baustein 2x4 braun;04-300-05;16
BAU-2860-BR;BAU-2860-BR;Baustein 2x4 braun;04-300-050;0
BAU-2870-LI;BAU-2870-LI;Baustein 2x4 lila;04-300-06;16
BAU-2870-LI;BAU-2870-LI;Baustein 2x4 lila;04-300-060;0
BAU-2880-OR;BAU-2880-OR;Baustein 2x4 orange;04-400-01;16
BAU-2880-OR;BAU-2880-OR;Baustein 2x4 orange;04-400-010;0
BAU-2890-GR;BAU-2890-GR;Baustein 2x4 grau;04-400-02;16
BAU-2890-GR;BAU-2890-GR;Baustein 2x4 grau;04-400-020;0
BAU-2900-SW;BAU-2900-SW;Baustein 2x4 schwarz;04-400-03;24
BAU-2900-SW;BAU-2900-SW;Baustein 2x4 schwarz;04-400-030;0
BAU-2910-GR;BAU-2910-GR;Baustein 2x6 grau;04-400-04;6
BAU-2910-GR;BAU-2910-GR;Baustein 2x6 grau;04-400-040;0
BAU-2920-WE;BAU-2920-WE;Baustein 2x6 weiﬂ;04-400-05;6
BAU-2920-WE;BAU-2920-WE;Baustein 2x6 weiﬂ;04-400-050;0
BAU-2930-BU;BAU-2930-BU;Baustein 1x3 bunt;04-400-06;78
BAU-2930-BU;BAU-2930-BU;Baustein 1x3 bunt;04-400-060;0
BAU-2940-GU;BAU-2940-GU;Baustein 2x2 gruen;04-500-01;33
BAU-2940-GU;BAU-2940-GU;Baustein 2x2 gruen;04-500-010;0
BAU-2950-BL;BAU-2950-BL;Baustein 2x2 blau;04-500-02;35
BAU-2950-BL;BAU-2950-BL;Baustein 2x2 blau;04-500-020;0
BAU-2960-RO;BAU-2960-RO;Baustein 2x2 rot;04-500-03;30
BAU-2960-RO;BAU-2960-RO;Baustein 2x2 rot;04-500-030;0
BAU-2970-WE;BAU-2970-WE;Baustein 2x2 weiﬂ;04-500-04;32
BAU-2970-WE;BAU-2970-WE;Baustein 2x2 weiﬂ;04-500-040;0
BAU-2980-SW;BAU-2980-SW;Baustein 2x2 schwarz;04-500-05;33
BAU-2980-SW;BAU-2980-SW;Baustein 2x2 schwarz;04-500-050;0
BAU-2990-GE;BAU-2990-GE;Baustein 2x2 gelb;04-500-06;30
BAU-2990-GE;BAU-2990-GE;Baustein 2x2 gelb;04-500-060;0
BAU-3000-OR;BAU-3000-OR;Baustein 2x2 orange;04-600-01;20
BAU-3000-OR;BAU-3000-OR;Baustein 2x2 orange;04-600-010;0
BAU-3010-GR;BAU-3010-GR;Baustein 2x2 grau;04-600-02;29
BAU-3010-GR;BAU-3010-GR;Baustein 2x2 grau;04-600-020;0
BAU-3020-BR;BAU-3020-BR;Baustein 2x2 braun;04-600-03;22
BAU-3020-BR;BAU-3020-BR;Baustein 2x2 braun;04-600-030;0
BAU-3030-LI;BAU-3030-LI;Baustein 2x2 lila;04-600-04;28
BAU-3030-LI;BAU-3030-LI;Baustein 2x2 lila;04-600-040;0
BAU-3040-OR;BAU-3040-OR;Baustein 2x3 orange;04-600-05;17
BAU-3040-OR;BAU-3040-OR;Baustein 2x3 orange;04-600-050;0
BAU-3050-WE;BAU-3050-WE;Baustein 2x3 weiﬂ;04-600-06;20
BAU-3050-WE;BAU-3050-WE;Baustein 2x3 weiﬂ;04-600-060;0
BAU-3060-BR;BAU-3060-BR;Baustein 2x3 braun;04-700-01;16
BAU-3060-BR;BAU-3060-BR;Baustein 2x3 braun;04-700-010;0
BAU-3070-GU;BAU-3070-GU;Baustein 2x3 gruen;04-700-02;20
BAU-3070-GU;BAU-3070-GU;Baustein 2x3 gruen;04-700-020;0
BAU-3080-BL;BAU-3080-BL;Baustein 2x3 blau;04-700-03;20
BAU-3080-BL;BAU-3080-BL;Baustein 2x3 blau;04-700-030;0
BAU-3090-GE;BAU-3090-GE;Baustein 2x3 gelb;04-700-04;16
BAU-3090-GE;BAU-3090-GE;Baustein 2x3 gelb;04-700-040;0
BAU-3100-RO;BAU-3100-RO;Baustein 2x3 rot;04-700-05;20
BAU-3100-RO;BAU-3100-RO;Baustein 2x3 rot;04-700-050;0
BAU-3110-LI;BAU-3110-LI;Baustein 2x3 lila;04-700-06;16
BAU-3110-LI;BAU-3110-LI;Baustein 2x3 lila;04-700-060;0
BAU-3120-SW;BAU-3120-SW;Baustein 2x3 schwarz;04-800-01;21
BAU-3120-SW;BAU-3120-SW;Baustein 2x3 schwarz;04-800-010;0
BAU-3130-GR;BAU-3130-GR;Baustein 2x3 grau;04-800-02;16
BAU-3130-GR;BAU-3130-GR;Baustein 2x3 grau;04-800-020;0
BAU-3140-GU;BAU-3140-GU;Baustein 2x1 gruen;04-800-03;51
BAU-3140-GU;BAU-3140-GU;Baustein 2x1 gruen;04-800-030;0
BAU-3150-BL;BAU-3150-BL;Baustein 2x1 blau;04-800-04;48
BAU-3150-BL;BAU-3150-BL;Baustein 2x1 blau;04-800-040;0
BAU-3160-RO;BAU-3160-RO;Baustein 2x1 rot;04-800-05;48
BAU-3160-RO;BAU-3160-RO;Baustein 2x1 rot;04-800-050;0
BAU-3170-SW;BAU-3170-SW;Baustein 2x1 schwarz;04-800-06;48
BAU-3170-SW;BAU-3170-SW;Baustein 2x1 schwarz;04-800-060;0
BAU-3180-LI;BAU-3180-LI;Baustein 2x1 lila;04-900-01;44
BAU-3180-LI;BAU-3180-LI;Baustein 2x1 lila;04-900-010;0
BAU-3190-WE;BAU-3190-WE;Baustein 2x1 weiﬂ;04-900-02;49
BAU-3190-WE;BAU-3190-WE;Baustein 2x1 weiﬂ;04-900-020;0
BAU-3200-BR;BAU-3200-BR;Baustein 2x1 braun;04-900-03;41
BAU-3200-BR;BAU-3200-BR;Baustein 2x1 braun;04-900-030;0
BAU-3210-GE;BAU-3210-GE;Baustein 2x1 gelb;04-900-04;46
BAU-3210-GE;BAU-3210-GE;Baustein 2x1 gelb;04-900-040;0
BAU-3220-OR;BAU-3220-OR;Baustein 2x1 orange;04-900-05;41
BAU-3220-OR;BAU-3220-OR;Baustein 2x1 orange;04-900-050;0
BAU-3230-GR;BAU-3230-GR;Baustein 2x1 grau;04-900-06;46
BAU-3230-GR;BAU-3230-GR;Baustein 2x1 grau;04-900-060;0
BAU-3240-GU;BAU-3240-GU;Baustein 1x8 gruen;05-200-01;6
BAU-3240-GU;BAU-3240-GU;Baustein 1x8 gruen;05-200-010;0
BAU-3250-BL;BAU-3250-BL;Baustein 1x8 blau;05-200-02;6
BAU-3250-BL;BAU-3250-BL;Baustein 1x8 blau;05-200-020;0
BAU-3260-RO;BAU-3260-RO;Baustein 1x8 rot;05-200-03;6
BAU-3260-RO;BAU-3260-RO;Baustein 1x8 rot;05-200-030;0
BAU-3270-LI;BAU-3270-LI;Baustein 1x8 lila;05-200-04;6
BAU-3270-LI;BAU-3270-LI;Baustein 1x8 lila;05-200-040;0
BAU-3280-WE;BAU-3280-WE;Baustein 1x8 weiﬂ;05-200-05;6
BAU-3280-WE;BAU-3280-WE;Baustein 1x8 weiﬂ;05-200-050;0
BAU-3290-BR;BAU-3290-BR;Baustein 1x8 braun;05-200-06;6
BAU-3290-BR;BAU-3290-BR;Baustein 1x8 braun;05-200-060;0
BAU-3300-GE;BAU-3300-GE;Baustein 1x8 gelb;05-300-01;6
BAU-3300-GE;BAU-3300-GE;Baustein 1x8 gelb;05-300-010;0
BAU-3310-GR;BAU-3310-GR;Baustein 1x8 grau;05-300-02;6
BAU-3310-GR;BAU-3310-GR;Baustein 1x8 grau;05-300-020;0
BAU-3320-SW;BAU-3320-SW;Baustein 1x8 schwarz;05-300-03;6
BAU-3320-SW;BAU-3320-SW;Baustein 1x8 schwarz;05-300-030;0
BAU-3330-OR;BAU-3330-OR;Baustein 1x8 orange;05-300-04;6
BAU-3330-OR;BAU-3330-OR;Baustein 1x8 orange;05-300-040;0
BAU-3340-GR;BAU-3340-GR;Baustein 1x2 schraeg grau;05-300-05;36
BAU-3340-GR;BAU-3340-GR;Baustein 1x2 schraeg grau;05-300-050;0
BAU-3350-SW;BAU-3350-SW;Baustein 1x2 schraeg schwarz;05-300-06;36
BAU-3350-SW;BAU-3350-SW;Baustein 1x2 schraeg schwarz;05-300-060;0
BAU-3360-RO;BAU-3360-RO;Baustein 1x2 schraeg rot;05-400-01;36
BAU-3360-RO;BAU-3360-RO;Baustein 1x2 schraeg rot;05-400-010;0
BAU-3370-GU;BAU-3370-GU;Baustein 1x2 Eck gruen;05-400-02;12
BAU-3370-GU;BAU-3370-GU;Baustein 1x2 Eck gruen;05-400-020;0
BAU-3380-BL;BAU-3380-BL;Baustein 1x2 Eck blau;05-400-03;12
BAU-3380-BL;BAU-3380-BL;Baustein 1x2 Eck blau;05-400-030;0
BAU-3390-OR;BAU-3390-OR;Baustein 1x2 Eck orange;05-400-04;12
BAU-3390-OR;BAU-3390-OR;Baustein 1x2 Eck orange;05-400-040;0
BAU-3400-WE;BAU-3400-WE;Baustein 1x2 Eck weiﬂ;05-400-05;12
BAU-3400-WE;BAU-3400-WE;Baustein 1x2 Eck weiﬂ;05-400-050;0
BAU-3410-GE;BAU-3410-GE;Baustein 1x2 Eck gelb;05-400-06;12
BAU-3410-GE;BAU-3410-GE;Baustein 1x2 Eck gelb;05-400-060;0
BAU-3420-GR;BAU-3420-GR;Baustein 1x2 Eck grau;05-500-01;12
BAU-3420-GR;BAU-3420-GR;Baustein 1x2 Eck grau;05-500-010;0
BAU-3430-GU;BAU-3430-GU;Baustein 2x8 gruen;05-500-02;4
BAU-3430-GU;BAU-3430-GU;Baustein 2x8 gruen;05-500-020;0
BAU-3440-BL;BAU-3440-BL;Baustein 2x8 blau;05-500-03;4
BAU-3440-BL;BAU-3440-BL;Baustein 2x8 blau;05-500-030;0
BAU-3450-GR;BAU-3450-GR;Baustein 2x8 grau;05-500-04;4
BAU-3450-GR;BAU-3450-GR;Baustein 2x8 grau;05-500-040;0
BAU-3460-GE;BAU-3460-GE;Baustein 2x8 gelb;05-500-05;4
BAU-3460-GE;BAU-3460-GE;Baustein 2x8 gelb;05-500-050;0
BAU-3470-BR;BAU-3470-BR;Baustein 2x8 braun;05-500-06;4
BAU-3470-BR;BAU-3470-BR;Baustein 2x8 braun;05-500-060;0
BAU-3480-WE;BAU-3480-WE;Baustein 2x8 weiﬂ;05-600-01;4
BAU-3480-WE;BAU-3480-WE;Baustein 2x8 weiﬂ;05-600-010;0
BAU-3490-RO;BAU-3490-RO;Baustein 2x8 rot;05-600-02;4
BAU-3490-RO;BAU-3490-RO;Baustein 2x8 rot;05-600-020;0
BAU-3500-LI;BAU-3500-LI;Baustein 2x8 lila;05-600-03;4
BAU-3500-LI;BAU-3500-LI;Baustein 2x8 lila;05-600-030;0
BAU-3510-GE;BAU-3510-GE;Baustein 2x8 gelb;05-600-04;4
BAU-3510-GE;BAU-3510-GE;Baustein 2x8 gelb;05-600-040;0
BAU-3520-SW;BAU-3520-SW;Baustein 2x8 schwarz;05-600-05;4
BAU-3520-SW;BAU-3520-SW;Baustein 2x8 schwarz;05-600-050;0
BAU-3530-BU;BAU-3530-BU;Baustein 2x10 bunt;05-600-06;37
BAU-3530-BU;BAU-3530-BU;Baustein 2x10 bunt;05-600-060;0
BAU-3540-GU;BAU-3540-GU;Baustein 1x6 gruen;05-700-01;6
BAU-3540-GU;BAU-3540-GU;Baustein 1x6 gruen;05-700-010;0
BAU-3550-BL;BAU-3550-BL;Baustein 1x6 blau;05-700-02;6
BAU-3550-BL;BAU-3550-BL;Baustein 1x6 blau;05-700-020;0
BAU-3560-RO;BAU-3560-RO;Baustein 1x6 rot;05-700-03;6
BAU-3560-RO;BAU-3560-RO;Baustein 1x6 rot;05-700-030;0
BAU-3570-SW;BAU-3570-SW;Baustein 1x6 schwarz;05-700-04;6
BAU-3570-SW;BAU-3570-SW;Baustein 1x6 schwarz;05-700-040;0
BAU-3580-OR;BAU-3580-OR;Baustein 1x6 orange;05-700-05;6
BAU-3580-OR;BAU-3580-OR;Baustein 1x6 orange;05-700-050;0
BAU-3590-GR;BAU-3590-GR;Baustein 1x6 grau;05-700-06;6
BAU-3590-GR;BAU-3590-GR;Baustein 1x6 grau;05-700-060;0
BAU-3600-GE;BAU-3600-GE;Baustein 1x6 gelb;05-800-01;6
BAU-3600-GE;BAU-3600-GE;Baustein 1x6 gelb;05-800-010;0
BAU-3610-LI;BAU-3610-LI;Baustein 1x6 lila;05-800-02;6
BAU-3610-LI;BAU-3610-LI;Baustein 1x6 lila;05-800-020;0
BAU-3620-WE;BAU-3620-WE;Baustein 1x6 weiﬂ;05-800-03;7
BAU-3620-WE;BAU-3620-WE;Baustein 1x6 weiﬂ;05-800-030;0
BAU-3630-BR;BAU-3630-BR;Baustein 1x6 braun;05-800-04;6
BAU-3630-BR;BAU-3630-BR;Baustein 1x6 braun;05-800-040;0
BAU-3640-GU;BAU-3640-GU;Baustein 2x6 gruen;05-800-05;6
BAU-3640-GU;BAU-3640-GU;Baustein 2x6 gruen;05-800-050;0
BAU-3650-BL;BAU-3650-BL;Baustein 2x6 blau;05-800-06;6
BAU-3650-BL;BAU-3650-BL;Baustein 2x6 blau;05-800-060;0
BAU-3660-RO;BAU-3660-RO;Baustein 2x6 rot;05-900-01;6
BAU-3660-RO;BAU-3660-RO;Baustein 2x6 rot;05-900-010;0
BAU-3670-GE;BAU-3670-GE;Baustein 2x6 gelb;05-900-02;6
BAU-3670-GE;BAU-3670-GE;Baustein 2x6 gelb;05-900-020;0
BAU-3680-SW;BAU-3680-SW;Baustein 2x6 schwarz;05-900-03;6
BAU-3680-SW;BAU-3680-SW;Baustein 2x6 schwarz;05-900-030;0
BAU-3690-LI;BAU-3690-LI;Baustein 2x6 lila;05-900-04;6
BAU-3690-LI;BAU-3690-LI;Baustein 2x6 lila;05-900-040;0
BAU-3700-OR;BAU-3700-OR;Baustein 2x6 orange;05-900-05;6
BAU-3700-OR;BAU-3700-OR;Baustein 2x6 orange;05-900-050;0
BAU-3710-BR;BAU-3710-BR;Baustein 2x6 braun;05-900-06;7
BAU-3710-BR;BAU-3710-BR;Baustein 2x6 braun;05-900-060;0
BUC-4300-AA;BUC-4300-AA;Holzbuchstabe A;03-300-06;60
BUC-4300-AA;BUC-4300-AA;Holzbuchstabe A;03-300-060;0
BUC-4310-BB;BUC-4310-BB;Holzbuchstabe B;03-400-01;60
BUC-4310-BB;BUC-4310-BB;Holzbuchstabe B;03-400-010;0
BUC-4320-CC;BUC-4320-CC;Holzbuchstabe C;03-400-02;60
BUC-4320-CC;BUC-4320-CC;Holzbuchstabe C;03-400-020;0
BUC-4330-DD;BUC-4330-DD;Holzbuchstabe D;03-400-03;60
BUC-4330-DD;BUC-4330-DD;Holzbuchstabe D;03-400-030;0
BUC-4340-EE;BUC-4340-EE;Holzbuchstabe E;03-400-04;60
BUC-4340-EE;BUC-4340-EE;Holzbuchstabe E;03-400-040;0
BUC-4350-FF;BUC-4350-FF;Holzbuchstabe F;03-400-05;60
BUC-4350-FF;BUC-4350-FF;Holzbuchstabe F;03-400-050;0
BUC-4360-GG;BUC-4360-GG;Holzbuchstabe G;03-400-06;60
BUC-4360-GG;BUC-4360-GG;Holzbuchstabe G;03-400-060;0
BUC-4370-HH;BUC-4370-HH;Holzbuchstabe H;03-500-01;60
BUC-4370-HH;BUC-4370-HH;Holzbuchstabe H;03-500-010;0
BUC-4380-KK;BUC-4380-KK;Holzbuchstabe K;03-500-02;60
BUC-4380-KK;BUC-4380-KK;Holzbuchstabe K;03-500-020;0
BUC-4390-LL;BUC-4390-LL;Holzbuchstabe L;03-500-03;120
BUC-4390-LL;BUC-4390-LL;Holzbuchstabe L;03-500-030;0
BUC-4400-MM;BUC-4400-MM;Holzbuchstabe M;03-500-04;60
BUC-4400-MM;BUC-4400-MM;Holzbuchstabe M;03-500-040;0
BUC-4410-NN;BUC-4410-NN;Holzbuchstabe N;03-500-05;60
BUC-4410-NN;BUC-4410-NN;Holzbuchstabe N;03-500-050;0
BUC-4420-OO;BUC-4420-OO;Holzbuchstabe O;03-500-06;120
BUC-4420-OO;BUC-4420-OO;Holzbuchstabe O;03-500-060;0
BUC-4430-PP;BUC-4430-PP;Holzbuchstabe P;03-600-01;60
BUC-4430-PP;BUC-4430-PP;Holzbuchstabe P;03-600-010;0
BUC-4440-QQ;BUC-4440-QQ;Holzbuchstabe Q;03-600-02;60
BUC-4440-QQ;BUC-4440-QQ;Holzbuchstabe Q;03-600-020;0
BUC-4450-RR;BUC-4450-RR;Holzbuchstabe R;03-600-03;60
BUC-4450-RR;BUC-4450-RR;Holzbuchstabe R;03-600-030;0
BUC-4460-SS;BUC-4460-SS;Holzbuchstabe S;03-600-04;60
BUC-4460-SS;BUC-4460-SS;Holzbuchstabe S;03-600-040;0
BUC-4470-TT;BUC-4470-TT;Holzbuchstabe T;03-600-05;60
BUC-4470-TT;BUC-4470-TT;Holzbuchstabe T;03-600-050;0
BUC-4480-UU;BUC-4480-UU;Holzbuchstabe U;03-600-06;60
BUC-4480-UU;BUC-4480-UU;Holzbuchstabe U;03-600-060;0
BUC-4490-VV;BUC-4490-VV;Holzbuchstabe V;03-700-01;60
BUC-4490-VV;BUC-4490-VV;Holzbuchstabe V;03-700-010;0
BUC-4500-WW;BUC-4500-WW;Holzbuchstabe W;03-700-02;60
BUC-4500-WW;BUC-4500-WW;Holzbuchstabe W;03-700-020;0
BUC-4510-XX;BUC-4510-XX;Holzbuchstabe X;03-700-03;60
BUC-4510-XX;BUC-4510-XX;Holzbuchstabe X;03-700-030;0
BUC-4520-YY;BUC-4520-YY;Holzbuchstabe Y;03-700-04;60
BUC-4520-YY;BUC-4520-YY;Holzbuchstabe Y;03-700-040;0
BUC-4530-ZZ;BUC-4530-ZZ;Holzbuchstabe Z;03-700-05;60
BUC-4530-ZZ;BUC-4530-ZZ;Holzbuchstabe Z;03-700-050;0
CD-1110-BE;CD-1110-BE;CD-Beatles;01-100-07;15
CD-1110-BE;CD-1110-BE;CD-Beatles;01-100-070;0
CD-1120-ST;CD-1120-ST;CD-Stones;01-100-08;15
CD-1120-ST;CD-1120-ST;CD-Stones;01-100-080;0
CD-1130-TW;CD-1130-TW;CD-The Who;01-100-09;10
CD-1130-TW;CD-1130-TW;CD-The Who;01-100-090;0
CHI-1910-WE;CHI-1910-WE;Chips weiﬂ;01-400-01;50
CHI-1910-WE;CHI-1910-WE;Chips weiﬂ;01-400-010;0
CHI-1920-BL;CHI-1920-BL;Chips blau;01-400-03;55
CHI-1920-BL;CHI-1920-BL;Chips blau;01-400-030;0
CHI-1930-RO;CHI-1930-RO;Chips rot;01-400-02;55
CHI-1930-RO;CHI-1930-RO;Chips rot;01-400-020;0
CLG-2560-GU;CLG-2560-GU;Clips groﬂ gruen 12 cm;02-300-03;6
CLG-2560-GU;CLG-2560-GU;Clips groﬂ gruen 12 cm;02-300-030;0
CLG-2570-HB;CLG-2570-HB;Clips groﬂ blau 12 cm;02-300-04;6
CLG-2570-HB;CLG-2570-HB;Clips groﬂ blau 12 cm;02-300-040;0
CLG-2580-PI;CLG-2580-PI;Clips groﬂ pink 12 cm;02-300-05;6
CLG-2580-PI;CLG-2580-PI;Clips groﬂ pink 12 cm;02-300-050;0
CLG-2590-RO;CLG-2590-RO;Clips groﬂ rot 12 cm;02-300-06;6
CLG-2590-RO;CLG-2590-RO;Clips groﬂ rot 12 cm;02-300-060;0
CLG-2600-SW;CLG-2600-SW;Clips groﬂ schwarz 12 cm;02-400-01;6
CLG-2600-SW;CLG-2600-SW;Clips groﬂ schwarz 12 cm;02-400-010;0
CLG-2610-GR;CLG-2610-GR;Clips groﬂ grau 12 cm;02-400-02;6
CLG-2610-GR;CLG-2610-GR;Clips groﬂ grau 12 cm;02-400-020;0
CLG-2620-GE;CLG-2620-GE;Clips groﬂ gelb 12 cm;02-400-03;6
CLG-2620-GE;CLG-2620-GE;Clips groﬂ gelb 12 cm;02-400-030;0
CLK-2410-GU;CLK-2410-GU;Clips klein gruen 6 cm;02-100-01;12
CLK-2410-GU;CLK-2410-GU;Clips klein gruen 6 cm;02-100-010;0
CLK-2420-HB;CLK-2420-HB;Clips klein hellblau 6 cm;02-100-02;12
CLK-2420-HB;CLK-2420-HB;Clips klein hellblau 6 cm;02-100-020;0
CLK-2430-PI;CLK-2430-PI;Clips klein pink 6 cm;02-100-03;12
CLK-2430-PI;CLK-2430-PI;Clips klein pink 6 cm;02-100-030;0
CLK-2440-RO;CLK-2440-RO;Clips klein rot 6 cm;02-100-04;12
CLK-2440-RO;CLK-2440-RO;Clips klein rot 6 cm;02-100-040;0
CLK-2450-SW;CLK-2450-SW;Clips klein schwarz 6 cm;02-100-05;12
CLK-2450-SW;CLK-2450-SW;Clips klein schwarz 6 cm;02-100-050;0
CLK-2460-GR;CLK-2460-GR;Clips klein grau 6 cm;02-100-06;12
CLK-2460-GR;CLK-2460-GR;Clips klein grau 6 cm;02-100-060;0
CLK-2470-GE;CLK-2470-GE;Clips klein gelb 6 cm;02-200-01;12
CLK-2470-GE;CLK-2470-GE;Clips klein gelb 6 cm;02-200-010;0
CLM-2480-GU;CLM-2480-GU;Clips mittel gruen 8 cm;02-200-02;12
CLM-2480-GU;CLM-2480-GU;Clips mittel gruen 8 cm;02-200-020;0
CLM-2490-HB;CLM-2490-HB;Clips mittel hellblau 8 cm;02-200-03;12
CLM-2490-HB;CLM-2490-HB;Clips mittel hellblau 8 cm;02-200-030;0
CLM-2510-PI;CLM-2510-PI;Clips mittel pink 8 cm;02-200-04;12
CLM-2510-PI;CLM-2510-PI;Clips mittel pink 8 cm;02-200-040;0
CLM-2520-RO;CLM-2520-RO;Clips mittel rot 8 cm;02-200-05;12
CLM-2520-RO;CLM-2520-RO;Clips mittel rot 8 cm;02-200-050;0
CLM-2530-SW;CLM-2530-SW;Clips mittel schwarz 8 cm;02-200-06;12
CLM-2530-SW;CLM-2530-SW;Clips mittel schwarz 8 cm;02-200-060;0
CLM-2540-GR;CLM-2540-GR;Clips mittel grau 8 cm;02-300-01;12
CLM-2540-GR;CLM-2540-GR;Clips mittel grau 8 cm;02-300-010;0
CLM-2550-GE;CLM-2550-GE;Clips mittel gelb 8 cm;02-300-02;12
CLM-2550-GE;CLM-2550-GE;Clips mittel gelb 8 cm;02-300-020;0
DOM-4800-LI;DOM-4800-LI;Dominostein lila;03-200-06;20
DOM-4800-LI;DOM-4800-LI;Dominostein lila;03-200-060;0
DOM-4810-GE;DOM-4810-GE;Dominostein gelb;03-200-04;20
DOM-4810-GE;DOM-4810-GE;Dominostein gelb;03-200-040;0
DOM-4820-OR;DOM-4820-OR;Dominostein orange;03-100-06;20
DOM-4820-OR;DOM-4820-OR;Dominostein orange;03-100-060;0
DOM-4830-SW;DOM-4830-SW;Dominostein schwarz;03-100-05;20
DOM-4830-SW;DOM-4830-SW;Dominostein schwarz;03-100-050;0
DOM-4840-RO;DOM-4840-RO;Dominostein rot;03-100-03;20
DOM-4840-RO;DOM-4840-RO;Dominostein rot;03-100-030;0
DOM-4850-HG;DOM-4850-HG;Dominostein hellgruen;03-200-01;20
DOM-4850-HG;DOM-4850-HG;Dominostein hellgruen;03-200-010;0
DOM-4860-DG;DOM-4860-DG;Dominostein dunkelgruen;03-100-01;20
DOM-4860-DG;DOM-4860-DG;Dominostein dunkelgruen;03-100-010;0
DOM-4870-RO;DOM-4870-RO;Dominostein rosa;03-100-04;20
DOM-4870-RO;DOM-4870-RO;Dominostein rosa;03-100-040;0
DOM-4880-HB;DOM-4880-HB;Dominostein hellblau;03-200-02;20
DOM-4880-HB;DOM-4880-HB;Dominostein hellblau;03-200-020;0
DOM-4890-DB;DOM-4890-DB;Dominostein dunkelblau;03-100-02;20
DOM-4890-DB;DOM-4890-DB;Dominostein dunkelblau;03-100-020;0
DOM-4900-BR;DOM-4900-BR;Dominostein braun;03-200-03;20
DOM-4900-BR;DOM-4900-BR;Dominostein braun;03-200-030;0
DOM-4910-WE;DOM-4910-WE;Dominostein weiﬂ;03-200-05;20
DOM-4910-WE;DOM-4910-WE;Dominostein weiﬂ;03-200-050;0
DUP-2010-RO;DUP-2010-RO;Duplostein rot;01-400-04;33
DUP-2010-RO;DUP-2010-RO;Duplostein rot;01-400-040;0
DUP-2020-GE;DUP-2020-GE;Duplostein gelb;01-400-06;26
DUP-2020-GE;DUP-2020-GE;Duplostein gelb;01-400-060;0
DUP-2030-HB;DUP-2030-HB;Duplostein hellbraun;01-400-05;3
DUP-2030-HB;DUP-2030-HB;Duplostein hellbraun;01-400-050;0
DUP-2040-DB;DUP-2040-DB;Duplostein dunkelbraun;01-400-07;3
DUP-2040-DB;DUP-2040-DB;Duplostein dunkelbraun;01-400-070;0
DUP-2050-BL;DUP-2050-BL;Duplostein blau;01-400-08;12
DUP-2050-BL;DUP-2050-BL;Duplostein blau;01-400-080;0
DUP-2060-GR;DUP-2060-GR;Duplostein grau;01-400-09;4
DUP-2060-GR;DUP-2060-GR;Duplostein grau;01-400-090;0
DUP-2070-HG;DUP-2070-HG;Duplostein hellgruen;01-400-12;2
DUP-2070-HG;DUP-2070-HG;Duplostein hellgruen;01-400-120;0
DUP-2080-DG;DUP-2080-DG;Duplostein dunkelgruen;01-400-11;7
DUP-2080-DG;DUP-2080-DG;Duplostein dunkelgruen;01-400-110;0
DUP-2090-SW;DUP-2090-SW;Duplostein schwarz;01-400-10;4
DUP-2090-SW;DUP-2090-SW;Duplostein schwarz;01-400-100;0
DVD-1010-TD;DVD-1010-TD;DVD Tiger and Dragon;01-100-01;10
DVD-1010-TD;DVD-1010-TD;DVD Tiger and Dragon;01-100-010;0
DVD-1020-FL;DVD-1020-FL;DVD Fearless;01-100-02;10
DVD-1020-FL;DVD-1020-FL;DVD Fearless;01-100-020;0
DVD-1030-FH;DVD-1030-FH;DVD For Honor;01-100-03;10
DVD-1030-FH;DVD-1030-FH;DVD For Honor;01-100-030;0
DVD-1040-TK;DVD-1040-TK;DVD Tekken;01-100-04;10
DVD-1040-TK;DVD-1040-TK;DVD Tekken;01-100-040;0
DVD-1050-RS;DVD-1050-RS;DVD Red Steal;01-100-05;10
DVD-1050-RS;DVD-1050-RS;DVD Red Steal;01-100-050;0
DVD-1060-MB;DVD-1060-MB;DVD Mr. Bean;01-100-06;10
DVD-1060-MB;DVD-1060-MB;DVD Mr. Bean;01-100-060;0
FER-1320-WE;FER-1320-WE;Fernseher;01-200-05;8
FER-1320-WE;FER-1320-WE;Fernseher;01-200-050;0
GUM-4000-OR;GUM-4000-OR;Gummiball orange;03-300-03;13
GUM-4000-OR;GUM-4000-OR;Gummiball orange;03-300-030;0
GUM-4010-GL;GUM-4010-GL;Gummiball blau;03-300-02;19
GUM-4010-GL;GUM-4010-GL;Gummiball blau;03-300-020;0
GUM-4020-GU;GUM-4020-GU;Gummiball gruen;03-300-01;18
GUM-4020-GU;GUM-4020-GU;Gummiball gruen;03-300-010;0
GUM-4030-GE;GUM-4030-GE;Gummiball gelb;03-300-04;16
GUM-4030-GE;GUM-4030-GE;Gummiball gelb;03-300-040;0
GUM-4040-GE;GUM-4040-GE;Gummiball pink;03-300-05;19
GUM-4040-GE;GUM-4040-GE;Gummiball pink;03-300-050;0
HER-4700-WE;HER-4700-WE;Holzherz;02-800-01;60
HER-4700-WE;HER-4700-WE;Holzherz;02-800-010;0
HKL-2110-GU;HKL-2110-GU;Holzklammer gruen;02-600-02;20
HKL-2110-GU;HKL-2110-GU;Holzklammer gruen;02-600-020;0
HKl-2120-DB;HKl-2120-DB;Holzklammer dunkelblau;02-600-03;20
HKl-2120-DB;HKl-2120-DB;Holzklammer dunkelblau;02-600-030;0
HKl-2130-HB;HKl-2130-HB;Holzklammer hellblau;02-700-05;20
HKl-2130-HB;HKl-2130-HB;Holzklammer hellblau;02-700-050;0
HKl-2140-LL;HKl-2140-LL;Holzklammer lila;02-700-01;20
HKl-2140-LL;HKl-2140-LL;Holzklammer lila;02-700-010;0
HKl-2150-OR;HKl-2150-OR;Holzklammer orange;02-600-06;22
HKl-2150-OR;HKl-2150-OR;Holzklammer orange;02-600-060;0
HKl-2160-HR;HKl-2160-HR;Holzklammer hellrosa;02-600-04;20
HKl-2160-HR;HKl-2160-HR;Holzklammer hellrosa;02-600-040;0
HKl-2170-RO;HKl-2170-RO;Holzklammer rot;02-600-05;20
HKl-2170-RO;HKl-2170-RO;Holzklammer rot;02-600-050;0
HKl-2180-GE;HKl-2180-GE;Holzklammer gelb;02-700-03;20
HKl-2180-GE;HKl-2180-GE;Holzklammer gelb;02-700-030;0
HKl-2190-SW;HKl-2190-SW;Holzklammer schwarz;02-700-02;20
HKl-2190-SW;HKl-2190-SW;Holzklammer schwarz;02-700-020;0
HKl-2200-DR;HKl-2200-DR;Holzklammer dunkelrosa;02-700-04;20
HKl-2200-DR;HKl-2200-DR;Holzklammer dunkelrosa;02-700-040;0
HOL-1610-HO;HOL-1610-HO;Holzwuerfel ;01-300-07;107
HOL-1610-HO;HOL-1610-HO;Holzwuerfel ;01-300-070;0
HOL-1620-HO;HOL-1620-HO;Holzwuerfen bunt;01-300-08;3
HOL-1620-HO;HOL-1620-HO;Holzwuerfen bunt;01-300-080;0
JEN-1510-RS;JEN-1510-RS;Jenga rosa;01-300-01;27
JEN-1510-RS;JEN-1510-RS;Jenga rosa;01-300-010;0
JEN-1520-HG;JEN-1520-HG;Jenga hellgruen;01-300-02;18
JEN-1520-HG;JEN-1520-HG;Jenga hellgruen;01-300-020;0
JEN-1530-DB;JEN-1530-DB;Jenga dunkelblau;01-300-03;27
JEN-1530-DB;JEN-1530-DB;Jenga dunkelblau;01-300-030;0
JEN-1540-DG;JEN-1540-DG;Jenga dunkelgruen;01-300-04;27
JEN-1540-DG;JEN-1540-DG;Jenga dunkelgruen;01-300-040;0
JEN-1550-PI;JEN-1550-PI;Jenga pink;01-300-05;27
JEN-1550-PI;JEN-1550-PI;Jenga pink;01-300-050;0
JEN-1560-HB;JEN-1560-HB;Jenga hellblau;01-300-06;18
JEN-1560-HB;JEN-1560-HB;Jenga hellblau;01-300-060;0
KAB-1710-KZ;KAB-1710-KZ;Kabel, gelb, 0,25m;01-300-09;10
KAB-1710-KZ;KAB-1710-KZ;Kabel, gelb, 0,25m;01-300-090;0
KAB-1720-LA;KAB-1720-LA;Kabel, schwarz, 0,5m;01-300-10;10
KAB-1720-LA;KAB-1720-LA;Kabel, schwarz, 0,5m;01-300-100;0
KUS-1310-WE;KUS-1310-WE;Kuehlschrank;01-200-04;10
KUS-1310-WE;KUS-1310-WE;Kuehlschrank;01-200-040;0
MUR-4100-LI;MUR-4100-LI;Holzmurmel lila;02-600-01;16
MUR-4100-LI;MUR-4100-LI;Holzmurmel lila;02-600-010;0
MUR-4110-BL;MUR-4110-BL;Holzmurmel blau;02-400-05;16
MUR-4110-BL;MUR-4110-BL;Holzmurmel blau;02-400-050;0
MUR-4120-GE;MUR-4120-GE;Holzmurmel gelb;02-500-03;16
MUR-4120-GE;MUR-4120-GE;Holzmurmel gelb;02-500-030;0
MUR-4130-SW;MUR-4130-SW;Holzmurmel schwarz;02-500-02;16
MUR-4130-SW;MUR-4130-SW;Holzmurmel schwarz;02-500-020;0
MUR-4140-OR;MUR-4140-OR;Holzmurmel orange;02-500-04;16
MUR-4140-OR;MUR-4140-OR;Holzmurmel orange;02-500-040;0
MUR-4150-GU;MUR-4150-GU;Holzmurmel gruen;02-400-04;16
MUR-4150-GU;MUR-4150-GU;Holzmurmel gruen;02-400-040;0
MUR-4160-DR;MUR-4160-DR;Holzmurmel dunkelrosa;02-500-05;16
MUR-4160-DR;MUR-4160-DR;Holzmurmel dunkelrosa;02-500-050;0
MUR-4170-RO;MUR-4170-RO;Holzmurmel rot;02-500-01;16
MUR-4170-RO;MUR-4170-RO;Holzmurmel rot;02-500-010;0
MUR-4180-HR;MUR-4180-HR;Holzmurmel hellrosa;02-400-06;16
MUR-4180-HR;MUR-4180-HR;Holzmurmel hellrosa;02-400-060;0
MUR-4190-TU;MUR-4190-TU;Holzmurmel tuerkis;02-500-06;16
MUR-4190-TU;MUR-4190-TU;Holzmurmel tuerkis;02-500-060;0
NGA-1810-LA;NGA-1810-LA;Nylongarn 0,5mm;01-300-11;10
NGA-1810-LA;NGA-1810-LA;Nylongarn 0,5mm;01-300-110;0
NGA-1820-KU;NGA-1820-KU;Nylongarn 0,3mm;01-300-12;10
NGA-1820-KU;NGA-1820-KU;Nylongarn 0,3mm;01-300-120;0
PEN-1410-RO;PEN-1410-RO;Touch Pen rot;01-200-07;10
PEN-1410-RO;PEN-1410-RO;Touch Pen rot;01-200-070;0
PEN-1420-SW;PEN-1420-SW;Touch Pen schwarz;01-200-08;9
PEN-1420-SW;PEN-1420-SW;Touch Pen schwarz;01-200-080;0
PEN-1430-HB;PEN-1430-HB;Touch Pen hellblau;01-200-09;10
PEN-1430-HB;PEN-1430-HB;Touch Pen hellblau;01-200-090;0
PEN-1440-DB;PEN-1440-DB;Touch Pen dunkelblau;01-200-10;10
PEN-1440-DB;PEN-1440-DB;Touch Pen dunkelblau;01-200-100;0
PEN-1450-OR;PEN-1450-OR;Touch Pen orange;01-200-11;10
PEN-1450-OR;PEN-1450-OR;Touch Pen orange;01-200-110;0
PEN-1460-GR;PEN-1460-GR;Touch Pen gruen;01-200-12;10
PEN-1460-GR;PEN-1460-GR;Touch Pen gruen;01-200-120;0
STA-3910-GU;STA-3910-GU;Holzstab gruen;05-100-01;48
STA-3910-GU;STA-3910-GU;Holzstab gruen;05-100-010;0
STA-3920-BL;STA-3920-BL;Holzstab blau;05-100-02;48
STA-3920-BL;STA-3920-BL;Holzstab blau;05-100-020;0
STA-3930-RO;STA-3930-RO;Holzstab rosa;05-100-03;54
STA-3930-RO;STA-3930-RO;Holzstab rosa;05-100-030;0
STA-3940-OR;STA-3940-OR;Holzstab orange;05-100-04;49
STA-3940-OR;STA-3940-OR;Holzstab orange;05-100-040;0
STA-3950-LI;STA-3950-LI;Holzstab lila;05-100-05;48
STA-3950-LI;STA-3950-LI;Holzstab lila;05-100-050;0
STA-3960-GE;STA-3960-GE;Holzstab gelb;05-100-06;48
STA-3960-GE;STA-3960-GE;Holzstab gelb;05-100-060;0
STE-4200-GU;STE-4200-GU;Holzstern gruen;03-800-06;8
STE-4200-GU;STE-4200-GU;Holzstern gruen;03-800-060;0
STE-4210-BL;STE-4210-BL;Holzstern blau;03-900-01;15
STE-4210-BL;STE-4210-BL;Holzstern blau;03-900-010;0
STE-4220-RO;STE-4220-RO;Holzstern rot;03-900-02;19
STE-4220-RO;STE-4220-RO;Holzstern rot;03-900-020;0
STE-4230-HR;STE-4230-HR;Holzstern hellrosa;03-900-03;7
STE-4230-HR;STE-4230-HR;Holzstern hellrosa;03-900-030;0
STE-4240-GE;STE-4240-GE;Holzstern gelb;03-900-04;10
STE-4240-GE;STE-4240-GE;Holzstern gelb;03-900-040;0
STE-4250-OR;STE-4250-OR;Holzstern orange;03-900-05;25
STE-4250-OR;STE-4250-OR;Holzstern orange;03-900-050;0
STE-4260-DR;STE-4260-DR;Holzstern dunkelrosa;03-900-06;19
STE-4260-DR;STE-4260-DR;Holzstern dunkelrosa;03-900-060;0
USB-1210-RO;USB-1210-RO;USB-Stick Rot;01-200-01;5
USB-1210-RO;USB-1210-RO;USB-Stick Rot;01-200-010;0
USB-1220-BL;USB-1220-BL;USB-Stick Blau;01-200-02;5
USB-1220-BL;USB-1220-BL;USB-Stick Blau;01-200-020;0
USB-1230-SW;USB-1230-SW;USB-Stick Schwarz;01-200-03;5
USB-1230-SW;USB-1230-SW;USB-Stick Schwarz;01-200-030;0
WAS-1330-LI;WAS-1330-LI;Waschmaschine;01-200-06;10
WAS-1330-LI;WAS-1330-LI;Waschmaschine;01-200-060;0
WKL-2310-GU;WKL-2310-GU;Wascheklammer gruen;03-800-01;10
WKL-2310-GU;WKL-2310-GU;Wascheklammer gruen;03-800-010;0
WKL-2320-BL;WKL-2320-BL;Wascheklammer blau;03-800-02;10
WKL-2320-BL;WKL-2320-BL;Wascheklammer blau;03-800-020;0
WKL-2330-RO;WKL-2330-RO;Wascheklammer rot;03-800-03;10
WKL-2330-RO;WKL-2330-RO;Wascheklammer rot;03-800-030;0
WKL-2340-WE;WKL-2340-WE;Wascheklammer weiﬂ;03-800-04;10
WKL-2340-WE;WKL-2340-WE;Wascheklammer weiﬂ;03-800-040;0
WKL-2350-GE;WKL-2350-GE;Wascheklammer gelb;03-800-05;10
WKL-2350-GE;WKL-2350-GE;Wascheklammer gelb;03-800-050;0
ZAH-4600-11;ZAH-4600-11;Holzzahl 1;03-700-06;120
ZAH-4600-11;ZAH-4600-11;Holzzahl 1;03-700-060;0
ZAH-4610-29;ZAH-4610-29;Holzzahlen;02-700-06;360
ZAH-4610-29;ZAH-4610-29;Holzzahlen;02-700-060;0
